"address","addressObj/city","addressObj/country","addressObj/postalcode","addressObj/state","addressObj/street1","addressObj/street2","ancestorLocations/0/abbreviation","ancestorLocations/0/id","ancestorLocations/0/name","ancestorLocations/0/subcategory","ancestorLocations/1/abbreviation","ancestorLocations/1/id","ancestorLocations/1/name","ancestorLocations/1/subcategory","ancestorLocations/2/abbreviation","ancestorLocations/2/id","ancestorLocations/2/name","ancestorLocations/2/subcategory","category","cuisines/0","cuisines/1","cuisines/2","cuisines/3","cuisines/4","description","dietaryRestrictions/0","dietaryRestrictions/1","dietaryRestrictions/2","dietaryRestrictions/3","dietaryRestrictions/4","dietaryRestrictions/5","dishes/0","dishes/1","dishes/2","dishes/3","dishes/4","dishes/5","email","establishmentTypes/0","establishmentTypes/1","features/0","features/1","features/2","features/3","features/4","features/5","features/6","features/7","features/8","features/9","features/10","features/11","features/12","features/13","features/14","features/15","features/16","features/17","hours","hours/timezone","hours/weekRanges/0/0/close","hours/weekRanges/0/0/open","hours/weekRanges/1/0/close","hours/weekRanges/1/0/open","hours/weekRanges/2/0/close","hours/weekRanges/2/0/open","hours/weekRanges/3/0/close","hours/weekRanges/3/0/open","hours/weekRanges/4/0/close","hours/weekRanges/4/0/open","hours/weekRanges/5/0/close","hours/weekRanges/5/0/open","hours/weekRanges/6/0/close","hours/weekRanges/6/0/open","id","image","isClosed","isLongClosed","latitude","localAddress","localName","locationString","longitude","mealTypes/0","mealTypes/1","mealTypes/2","mealTypes/3","mealTypes/4","mealTypes/5","menuWebUrl","name","numberOfReviews","openNowText","ownersTopReasons","phone","photoCount","priceLevel","priceRange","rankingDenominator","rankingPosition","rankingString","rating","ratingHistogram/count1","ratingHistogram/count2","ratingHistogram/count3","ratingHistogram/count4","ratingHistogram/count5","rawRanking","subcategories/0","type","webUrl","website"
"Mombasa Road Vision Plaza, Ground Floor, Nairobi Kenya","Nairobi","Kenya",,,"Mombasa Road","Vision Plaza, Ground Floor",,"294207","Nairobi","Municipality",,"294206","Kenya","Country",,,,,"restaurant","Italian","Indian","Contemporary",,,,,,,,,,,,,,,,"lounge@imperialinvestment.co.ke","Restaurants",,,,,,,,,,,,,,,,,,,,,,,,,,,,,,,,,,,,"8557182","https://media-cdn.tripadvisor.com/media/photo-o/08/bc/e6/d1/getlstd-property-photo.jpg","false","false","-1.32946",,"","Nairobi","36.87334",,,,,,,,"Imperial Lounge","2",,,"+254 770 496613","1","$","KES 29,647 - KES 148,236","832","795","#795 of 1,048 places to eat in Nairobi","2.5","1","0","0","1","0","2.832927942276001","Sit down","RESTAURANT","https://www.tripadvisor.com/Restaurant_Review-g294207-d8557182-Reviews-Imperial_Lounge-Nairobi.html",
"Namanga Road, Kitengela Kenya","Kitengela","Kenya",,,"Namanga Road",,,"13004822","Kitengela","City",,"2697619","Rift Valley Province","Province",,"294206","Kenya","Country","restaurant",,,,,,,,,,,,,,,,,,,,"Restaurants",,,,,,,,,,,,,,,,,,,,,,,,,,,,,,,,,,,,"19049362",,"false","false","-1.475289",,"","Kitengela, Rift Valley Province","36.96201",,,,,,,,"Lazeez","1",,,"+254 702 323594","0",,,"10","8","#8 of 13 places to eat in Kitengela","5","0","0","0","0","1","3.027514934539795",,"RESTAURANT","https://www.tripadvisor.com/Restaurant_Review-g13004822-d19049362-Reviews-Lazeez-Kitengela_Rift_Valley_Province.html","http://Www.fb.com/lazeezkenya"
"Airport North Road, Karen, Nairobi Kenya","Karen","Kenya",,,"Airport North Road",,,"12559418","Karen","City",,"294207","Nairobi","Municipality",,"294206","Kenya","Country","restaurant","Diner",,,,,,,,,,,,,,,,,,,"Restaurants",,,,,,,,,,,,,,,,,,,,,,,,,,,,,,,,,,,,"14095423",,"false","false","-1.33004",,"","Karen, Nairobi","36.92415",,,,,,,"https://www.javahouseafrica.com/our-menu/","Java House","1",,,"+254 796 841537","0","$","KES 22,235 - KES 222,354","22","19","#19 of 29 places to eat in Karen","5","0","0","0","0","1","3.02848744392395","Café","RESTAURANT","https://www.tripadvisor.com/Restaurant_Review-g12559418-d14095423-Reviews-Java_House-Karen_Nairobi.html","http://www.javahouseafrica.com"
"Jomo Kenyatta International Airport, Nairobi Kenya","Nairobi","Kenya",,,"Jomo Kenyatta International Airport",,,"294207","Nairobi","Municipality",,"294206","Kenya","Country",,,,,"restaurant","Cafe","European",,,,"Located at the Jomo Kenyatta International Airport Nairobi terminal 1A. Bean Plant coffee & more is a customer friendly coffee shop where the blend of our cultures and countries connects you to a diverse cuisine taste.","Breakfast","Brunch","Lunch","Dinner","Late Night","Drinks",,,,,,,"beanplantjkia@gmail.com","Restaurants",,"Seating","Wheelchair Accessible","Serves Alcohol","Full Bar","Wine and Beer","Table Service",,,,,,,,,,,,,,"Africa/Nairobi","1439","0","1439","0","1439","0","1439","0","1439","0","1439","0","1439","0","15319108","https://media-cdn.tripadvisor.com/media/photo-o/19/3a/8e/44/enjoy-our-tropical-carrot.jpg","false","false","-1.3327",,"","Nairobi","36.924313","Breakfast","Brunch","Lunch","Dinner","Late Night","Drinks","https://www.facebook.com/beanplantkenya/menu/","Bean Plant coffee and more","12","Open Now",,"+254 791 989342","45","$$ - $$$",,"832","627","#627 of 1,048 places to eat in Nairobi","3.5","1","2","4","3","2","3.0284626483917236",,"RESTAURANT","https://www.tripadvisor.com/Restaurant_Review-g294207-d15319108-Reviews-Bean_Plant_coffee_and_more-Nairobi.html","http://www.facebook.com/beanplantkenya/"
"Mombasa Road Airport View Total Station, Nairobi 00505 Kenya","Nairobi","Kenya","00505",,"Mombasa Road","Airport View Total Station",,"294207","Nairobi","Municipality",,"294206","Kenya","Country",,,,,"restaurant","Mexican","African","Cafe","Diner","Healthy",,"Breakfast","Lunch","Dinner","Brunch",,,,,,,,,,"Restaurants",,,,,,,,,,,,,,,,,,,,,"Africa/Nairobi","1320","390","1320","390","1320","390","1320","390","1320","390","1320","390","1320","390","14140515","https://media-cdn.tripadvisor.com/media/photo-m/1280/1a/99/85/32/photo0jpg.jpg","false","false","-1.33004",,"","Nairobi","36.92415","Breakfast","Lunch","Dinner","Brunch",,,"https://www.javahouseafrica.com/our-menu/","Java House Airport View","9","Closes in 25 min",,"+254 746 622266","1","$","KES 22,235 - KES 222,354","832","767","#767 of 1,048 places to eat in Nairobi","3","2","1","2","3","1","2.9779114723205566","Sit down","RESTAURANT","https://www.tripadvisor.com/Restaurant_Review-g294207-d14140515-Reviews-Java_House_Airport_View-Nairobi.html","https://www.javahouseafrica.com/our-locations/"
"Syokimau Katani Road Next To Syokimart, Syokimau 00100 Kenya","Syokimau","Kenya","00100",,"Syokimau Katani Road","Next To Syokimart",,"12245284","Syokimau","City",,"2697616","Eastern Province","Province",,"294206","Kenya","Country","restaurant","American","African","Fast Food","Barbecue","Beer restaurants","One of Kenya's most beloved restaurants, Tamz Restaurant Launge & Bar has welcomed guests to enjoy its contemporary cuisines, warm hospitality, and unparalleled service in Nairobi Kenya for years. Our ever-evolving seasonal menu showcases the restaurant's relationships with local and international dishes. Tamz Restaurant Launge & Bar is marching towards being Nairobi's hub for signature dishes.","Breakfast","Lunch","Dinner","Brunch","Late Night","Drinks",,,,,,,"tamzkatani@gmail.com","Restaurants",,"Delivery","Takeout","Reservations","Outdoor Seating","Buffet","Private Dining","Seating","Parking Available","Free off-street parking","Wheelchair Accessible","Serves Alcohol","Wine and Beer","Cash Only","Free Wifi","Accepts Credit Cards","Table Service","Live Music","Playgrounds",,"Africa/Nairobi","1380","480","1380","480","1380","480","1380","480","1380","480","1380","480","1380","480","23092811","https://media-cdn.tripadvisor.com/media/photo-o/1c/8b/69/8c/talk-of-vip-lounge-experience.jpg","false","false","-1.371637",,"","Syokimau, Eastern Province","36.935894","Breakfast","Lunch","Dinner","Brunch","Late Night","Drinks","https://www.flipsnack.com/6CFCDDDD75E/tamz-pizza-menu.html","Tamz Restaurant Launge & Bar","2","Open Now",,"+254 720 446120","41","$$ - $$$","KES 741 - KES 4,447","2","2","#2 of 3 places to eat in Syokimau","3","1","0","0","0","1","2.964430809020996","Sit down","RESTAURANT","https://www.tripadvisor.com/Restaurant_Review-g12245284-d23092811-Reviews-Tamz_Restaurant_Launge_Bar-Syokimau_Eastern_Province.html",
"Namanga Road, Nairobi Kenya","Nairobi","Kenya","",,"Namanga Road","",,"294207","Nairobi","Municipality",,"294206","Kenya","Country",,,,,"restaurant",,,,,,,"Breakfast","Lunch","Dinner",,,,,,,,,,,"Restaurants",,,,,,,,,,,,,,,,,,,,,"Africa/Nairobi","1440","360","1440","360","1440","360","1440","360","1440","360","1440","360","1440","360","1155827",,"false","false","-1.475602",,"","Nairobi","36.960594","Breakfast","Lunch","Dinner",,,,,"Pampa at Savanah","3","Open Now",,,"0",,,"832","639","#639 of 1,048 places to eat in Nairobi","4.5","0","0","0","1","2","3.0271220207214355",,"RESTAURANT","https://www.tripadvisor.com/Restaurant_Review-g294207-d1155827-Reviews-Pampa_at_Savanah-Nairobi.html",
"Gateway Mall, Nairobi Kenya","Nairobi","Kenya",,,"Gateway Mall",,,"294207","Nairobi","Municipality",,"294206","Kenya","Country",,,,,"restaurant",,,,,,,,,,,,,,,,,,,"info@secretingredientsltd.com","Restaurants",,,,,,,,,,,,,,,,,,,,,,,,,,,,,,,,,,,,"20259702",,"false","false","-1.36421",,"","Nairobi","36.912148",,,,,,,,"Secret Ingredients","1",,,"+254 720 800844","0",,,"832","691","#691 of 1,048 places to eat in Nairobi","4","0","0","0","1","0","3.015636920928955",,"RESTAURANT","https://www.tripadvisor.com/Restaurant_Review-g294207-d20259702-Reviews-Secret_Ingredients-Nairobi.html","https://secretingredientslimited.com/"
"Jomo Kenyatta International Airport, Nairobi Kenya","Nairobi","Kenya",,,"Jomo Kenyatta International Airport",,,"294207","Nairobi","Municipality",,"294206","Kenya","Country",,,,,"restaurant",,,,,,,"Late Night","Drinks",,,,,,,,,,,,"Restaurants",,"Wheelchair Accessible","Seating","Serves Alcohol",,,,,,,,,,,,,,,,,"Africa/Nairobi","1440","300","1440","300","1440","300","1440","300","1440","300","1440","300","1440","300","10467675","https://media-cdn.tripadvisor.com/media/photo-o/0d/3e/88/7b/photo0jpg.jpg","false","false","-1.32271",,"","Nairobi","36.92607","Late Night","Drinks",,,,,,"Pride Lounge","47","Open Now",,"+254 741 777270","34","$$ - $$$",,"832","636","#636 of 1,048 places to eat in Nairobi","3","10","4","12","10","11","3.027290105819702",,"RESTAURANT","https://www.tripadvisor.com/Restaurant_Review-g294207-d10467675-Reviews-Pride_Lounge-Nairobi.html","http://www.kenya-airways.com/prepare-for-travel/manage-booking/kq-lounges/en"
"Mankuli Road, Nairobi 00100 Kenya","Nairobi","Kenya","00100",,"Mankuli Road",,,"294207","Nairobi","Municipality",,"294206","Kenya","Country",,,,,"restaurant",,,,,,,,,,,,,,,,,,,,"Restaurants",,,,,,,,,,,,,,,,,,,,,,,,,,,,,,,,,,,,"18157567",,"false","false","-1.33551",,"","Nairobi","36.91807",,,,,,,,"Sukim Restaurant","1",,,"+254 722 866689","0",,,"832","698","#698 of 1,048 places to eat in Nairobi","4","0","0","0","1","0","3.01450514793396",,"RESTAURANT","https://www.tripadvisor.com/Restaurant_Review-g294207-d18157567-Reviews-Sukim_Restaurant-Nairobi.html",
"Sessa Youth And Recreation Centre Kitengela, Kitengela Kenya","Kitengela","Kenya",,,"Sessa Youth And Recreation Centre Kitengela",,,"13004822","Kitengela","City",,"2697619","Rift Valley Province","Province",,"294206","Kenya","Country","restaurant","Chinese","American","Indian","African",,"Vyne's Delight offers you quality fresh food, straight out of the kitchen. We strive for healthy living by utilizing high quality ingredients, made with the chef's special recipe. Our aim is to offer good food that meets the taste of everyone.","Breakfast","Lunch","Dinner",,,,,,,,,,"eagleacademicsworldwide@gmail.com","Restaurants",,,,,,,,,,,,,,,,,,,,,"Africa/Nairobi","1140","840",,,"1140","480","1140","480","1140","480","1140","480","1140","480","23622337","https://media-cdn.tripadvisor.com/media/photo-m/1280/1d/c9/35/ec/vyne-s-delight.jpg","false","false","-1.475289",,"","Kitengela, Rift Valley Province","36.96201","Breakfast","Lunch","Dinner",,,,,"Vyne's Delight","1","Closed Now",,"+254 114 256459","2",,,"10","7","#7 of 13 places to eat in Kitengela","5","0","0","0","0","1","3.035149335861206",,"RESTAURANT","https://www.tripadvisor.com/Restaurant_Review-g13004822-d23622337-Reviews-Vyne_s_Delight-Kitengela_Rift_Valley_Province.html",
"Kitengela Ola Petrol Station, Kitengela Kenya","Kitengela","Kenya",,,"Kitengela","Ola Petrol Station",,"13004822","Kitengela","City",,"2697619","Rift Valley Province","Province",,"294206","Kenya","Country","restaurant","African",,,,,"Bar and Restraurant","Lunch","Dinner",,,,,,,,,,,"eijoedennis@gmail.com","Bars & Pubs","Restaurants",,,,,,,,,,,,,,,,,,,,"Africa/Nairobi","1380","600","1380","600","1380","600","1380","600","1380","600","1380","600","1380","600","24093645","https://media-cdn.tripadvisor.com/media/photo-o/23/b3/68/c5/always-a-good-time.jpg","false","false","-1.523668",,"","Kitengela, Rift Valley Province","36.94647","Lunch","Dinner",,,,,,"The Mancave Bar And Grill","1","Open Now",,"+254 728 620639","2",,,"10","3","#3 of 13 places to eat in Kitengela","5","0","0","0","0","1","3.0428152084350586",,"RESTAURANT","https://www.tripadvisor.com/Restaurant_Review-g13004822-d24093645-Reviews-The_Mancave_Bar_And_Grill-Kitengela_Rift_Valley_Province.html",
"Airport North Road Southfield Mall, Nairobi 00505 Kenya","Nairobi","Kenya","00505",,"Airport North Road","Southfield Mall",,"294207","Nairobi","Municipality",,"294206","Kenya","Country",,,,,"restaurant","Diner",,,,,,,,,,,,,,,,,,,"Restaurants",,,,,,,,,,,,,,,,,,,,,,,,,,,,,,,,,,,,"14139828","https://media-cdn.tripadvisor.com/media/photo-m/1280/13/3d/bc/75/java-house.jpg","false","false","-1.33004",,"","Nairobi","36.92415",,,,,,,"https://www.javahouseafrica.com/our-menu/","Java House","8",,,"+254 796 841537","4","$$ - $$$","KES 22,235 - KES 222,354","832","547","#547 of 1,048 places to eat in Nairobi","3.5","0","2","2","2","2","3.0447511672973633","Café","RESTAURANT","https://www.tripadvisor.com/Restaurant_Review-g294207-d14139828-Reviews-Java_House-Nairobi.html","http://www.javahouseafrica.com/"
"Acacia Road Kitengela, Athi River Kenya","Athi River","Kenya",,,"Acacia Road","Kitengela",,"1943153","Athi River","City",,"2697616","Eastern Province","Province",,"294206","Kenya","Country","restaurant","Diner","African","Barbecue","Vegetarian Friendly",,"The restaurant has an a la carte menu with a a good variety and is an outdoor restaurant set in landscaped gardens. We also have a childrens Fun Park.",,,,,,,,,,,,,"info@pacegardenskenya.com","Restaurants",,"Outdoor Seating","Seating","Parking Available","Serves Alcohol","Full Bar","Digital Payments","Cash Only",,,,,,,,,,,,,,,,,,,,,,,,,,,,"9560764","https://media-cdn.tripadvisor.com/media/photo-o/09/c2/03/cf/getlstd-property-photo.jpg","false","false","-1.524446",,"","Athi River, Eastern Province","36.896385",,,,,,,,"Pace Gardens","6",,,"+254 719 182029","1","$$ - $$$","KES 59,294 - KES 103,765","3","3","#3 of 4 places to eat in Athi River","4.5","0","0","0","3","3","3.076754093170166","Sit down","RESTAURANT","https://www.tripadvisor.com/Restaurant_Review-g1943153-d9560764-Reviews-Pace_Gardens-Athi_River_Eastern_Province.html","http://www.pacegardenskenya.com"
"Mombasa Road, Athi River Kenya","Athi River","Kenya",,,"Mombasa Road",,,"1943153","Athi River","City",,"2697616","Eastern Province","Province",,"294206","Kenya","Country","restaurant","Indian","African","Arabic",,,,"Breakfast","Lunch","Dinner","Brunch","Late Night","Drinks",,,,,,,"khansrestausrantandbarbeque@gmail.com","Restaurants",,"Delivery","Takeout","Free Wifi",,,,,,,,,,,,,,,,,"Africa/Nairobi","1410","510","1410","450","1410","450","1410","450","1410","450","1410","450","1410","450","25346336","https://media-cdn.tripadvisor.com/media/photo-m/1280/28/e9/0e/8d/we-are-delighted-to-welcome.jpg","false","false","-1.44316",,"","Athi River, Eastern Province","36.99228","Breakfast","Lunch","Dinner","Brunch","Late Night","Drinks",,"Khan's Restaurant And Barbeque","2","Open Now",,"+254 714 601143","7",,,"3","2","#2 of 4 places to eat in Athi River","5","0","0","0","0","2","3.0802083015441895",,"RESTAURANT","https://www.tripadvisor.com/Restaurant_Review-g1943153-d25346336-Reviews-Khan_s_Restaurant_And_Barbeque-Athi_River_Eastern_Province.html",
"Lukenya Mombasa Rd Machakos, Athi River 10090 Kenya","Athi River","Kenya","10090",,"Lukenya Mombasa Rd Machakos",,,"1943153","Athi River","City",,"2697616","Eastern Province","Province",,"294206","Kenya","Country","restaurant",,,,,,,,,,,,,,,,,,,,"Restaurants",,,,,,,,,,,,,,,,,,,,,,,,,,,,,,,,,,,,"12092837","https://media-cdn.tripadvisor.com/media/photo-o/10/d6/34/b2/i-recommend-you-visit.jpg","false","false",,,"","Athi River, Eastern Province",,,,,,,,,"Maanzoni Lodge","6",,,"+254 20 2699600","7",,,"3","1","#1 of 4 places to eat in Athi River","4.5","0","0","0","3","3","3.1009862422943115",,"RESTAURANT","https://www.tripadvisor.com/Restaurant_Review-g1943153-d12092837-Reviews-Maanzoni_Lodge-Athi_River_Eastern_Province.html",
"Behind ROYAL FINNES ESTATE, Kitengela Kenya","Kitengela","Kenya",,,"Behind ROYAL FINNES ESTATE ",,,"13004822","Kitengela","City",,"2697619","Rift Valley Province","Province",,"294206","Kenya","Country","restaurant","African",,,,,"We are a bar and restaurant with a spacious and ambience to desire. We welcome you any day of the week for an amazing experience.","Breakfast","Lunch","Dinner","Brunch","Late Night","Drinks",,,,,,,,"Restaurants",,"Outdoor Seating","Private Dining","Seating","Parking Available","Television","Highchairs Available","Serves Alcohol","Full Bar",,,,,,,,,,,,"Africa/Nairobi","1439","0","1440","600","1440","600","1440","600","1440","600","1439","0","1439","0","25392504","https://media-cdn.tripadvisor.com/media/photo-w/28/ef/01/b6/billionaires-swara-park.jpg","false","false","-1.516707",,"","Kitengela, Rift Valley Province","36.849995","Breakfast","Lunch","Dinner","Brunch","Late Night","Drinks",,"BILLIONAIRES SWARA PARK","1","Open Now",,"+254 714 894528","5",,,"10","2","#2 of 13 places to eat in Kitengela","5","0","0","0","0","1","3.0432212352752686",,"RESTAURANT","https://www.tripadvisor.com/Restaurant_Review-g13004822-d25392504-Reviews-BILLIONAIRES_SWARA_PARK-Kitengela_Rift_Valley_Province.html",
"Yukos Sinket Arcade,ground Floor, Kitengela 20100 Kenya","Kitengela","Kenya","20100",,"Yukos","Sinket Arcade,ground Floor",,"13004822","Kitengela","City",,"2697619","Rift Valley Province","Province",,"294206","Kenya","Country","restaurant","African",,,,,,,,,,,,,,,,,,,"Restaurants",,,,,,,,,,,,,,,,,,,,,,,,,,,,,,,,,,,,"21013051",,"false","false","-1.507609",,"","Kitengela, Rift Valley Province","36.953518",,,,,,,,"Su Cakes And Dusty Grill Bistro","0",,,"+254 736 966605","0",,,"10","6","#6 of 13 places to eat in Kitengela",,"0","0","0","0","0","3.0371222496032715",,"RESTAURANT","https://www.tripadvisor.com/Restaurant_Review-g13004822-d21013051-Reviews-Su_Cakes_And_Dusty_Grill_Bistro-Kitengela_Rift_Valley_Province.html",
"Jomo Kenyatta International Airport, Nairobi Kenya","Nairobi","Kenya",,,"Jomo Kenyatta International Airport",,,"294207","Nairobi","Municipality",,"294206","Kenya","Country",,,,,"restaurant","Mediterranean","European","African","Cafe",,"Paul Caffe was established back in 2014 and comes with a wealth of experience in the food industry. Fresh and delicious forms a big part of our DNA, from our finger-licking delicacies to our diverse cuisines. We have a wide array of services for our customers, from in-dining to outdoor catering services.","Breakfast","Lunch","Dinner","Late Night","Drinks",,,,,,,,"info@paulcaffekenya.com","Restaurants",,"Table Service","Seating",,,,,,,,,,,,,,,,,,"Africa/Nairobi","1439","0","1439","0","1439","0","1439","0","1439","0","1439","0","1439","0","14961228","https://media-cdn.tripadvisor.com/media/photo-m/1280/18/22/71/b0/inside.jpg","false","false","-1.331592",,"","Nairobi","36.925552","Breakfast","Lunch","Dinner","Late Night","Drinks",,"https://paulcaffe.com/menu/","Paul Caffe","39","Open Now",,,"40","$$ - $$$",,"832","156","#156 of 1,048 places to eat in Nairobi","4","3","3","3","9","21","3.2974624633789062",,"RESTAURANT","https://www.tripadvisor.com/Restaurant_Review-g294207-d14961228-Reviews-Paul_Caffe-Nairobi.html","https://www.facebook.com/PAUL-CAFFE-JKIA-1595037830739221/"
"Mombasa Road, Pili Centre Opposite Hilton Garden I, Nairobi 00200 Kenya","Nairobi","Kenya","00200",,"Mombasa Road, Pili Centre Opposite Hilton Garden I",,,"294207","Nairobi","Municipality",,"294206","Kenya","Country",,,,,"restaurant","African",,,,,"The Tunnel is the place to be while in Nairobi! The amazing atmosphere is a mix of awesome staff, delicious food, funky art, drinks that keep flowing and great music.","Breakfast","Lunch","Dinner",,,,,,,,,,,"Bars & Pubs","Restaurants",,,,,,,,,,,,,,,,,,,,"Africa/Nairobi","1439","0","1439","0","1439","0","1439","0","1439","0","1439","0","1439","0","24192080","https://media-cdn.tripadvisor.com/media/photo-o/28/0c/1a/a5/the-tunnel-is-the-ultimate.jpg","false","false","-1.357408",,"","Nairobi","36.89621","Breakfast","Lunch","Dinner",,,,,"The Tunnel Night Club","1","Open Now",,"+254 722 980002","1",,,"832","667","#667 of 1,048 places to eat in Nairobi","4","0","0","0","1","0","3.02315092086792",,"RESTAURANT","https://www.tripadvisor.com/Restaurant_Review-g294207-d24192080-Reviews-The_Tunnel_Night_Club-Nairobi.html",
"Jkia, Nairobi Kenya","Nairobi","Kenya",,,"Jkia",,,"294207","Nairobi","Municipality",,"294206","Kenya","Country",,,,,"restaurant","British",,,,,,,,,,,,,,,,,,,"Restaurants",,,,,,,,,,,,,,,,,,,,,,,,,,,,,,,,,,,,"19478127","https://media-cdn.tripadvisor.com/media/photo-w/26/c7/58/7f/fridays-are-incomplete.jpg","false","false","-1.33023",,"","Nairobi","36.92406",,,,,,,,"Paul caffe jkia","4",,,"+254 722 519222","1",,,"832","498","#498 of 1,048 places to eat in Nairobi","4","1","0","0","0","3","3.0572729110717773",,"RESTAURANT","https://www.tripadvisor.com/Restaurant_Review-g294207-d19478127-Reviews-Paul_caffe_jkia-Nairobi.html","http://www.paulcaffe.com"
"Off Namanga Road, Kitengela Kenya","Kitengela","Kenya",,,"Off Namanga Road",,,"13004822","Kitengela","City",,"2697619","Rift Valley Province","Province",,"294206","Kenya","Country","restaurant","African",,,,,,"Breakfast","Lunch","Dinner","Late Night","Drinks",,,,,,,,,"Restaurants",,"Outdoor Seating","Serves Alcohol",,,,,,,,,,,,,,,,,,"Africa/Nairobi","1440","420","1440","420","1440","420","1440","420","1440","420","1440","420","1440","420","25578526",,"false","false","-1.492795",,"","Kitengela, Rift Valley Province","36.955177","Breakfast","Lunch","Dinner","Late Night","Drinks",,,"Enkare Bar and Restaurant","1","Open Now",,,"0",,,"10","9","#9 of 13 places to eat in Kitengela","4","0","0","0","1","0","3.023930311203003",,"RESTAURANT","https://www.tripadvisor.com/Restaurant_Review-g13004822-d25578526-Reviews-Enkare_Bar_and_Restaurant-Kitengela_Rift_Valley_Province.html",
"Utalii Road Behind Tosha Petrol Station, opposite Shell Station, Kitengela 00100 Kenya","Kitengela","Kenya","00100",,"Utalii Road","Behind Tosha Petrol Station, opposite Shell Station",,"13004822","Kitengela","City",,"2697619","Rift Valley Province","Province",,"294206","Kenya","Country","restaurant","African","International","Barbecue","Grill","Contemporary","Local Grill joint for the best Nyama Choma, barbecue menus in the outskirt of Nairobi. We offer fresh and sumptuous meals ranging from Beef, Pork, Goat and Chicken. Our Plant-based meals and sides are prepared with organically grown ingredients from our controlled farm in Kajiado County.","Breakfast","Lunch","Dinner","Brunch","Drinks",,,,,,,,"meatforgrill@gmail.com","Restaurants",,"Delivery","Takeout","Reservations","Outdoor Seating","Seating","Parking Available","Street Parking","Television","Wheelchair Accessible","Serves Alcohol","Full Bar","Wine and Beer","Digital Payments","Accepts Credit Cards","Table Service","Dog Friendly","Family style","Non-smoking restaurants",,"Africa/Nairobi","1380","480","1380","480","1380","480","1380","480","1380","480","1380","480","1380","480","21238374","https://media-cdn.tripadvisor.com/media/photo-o/1b/ff/13/56/the-portions-are-worth.jpg","false","false","-1.49164",,"","Kitengela, Rift Valley Province","36.955128","Breakfast","Lunch","Dinner","Brunch","Drinks",,,"Meat & Grill Kitengela","9","Open Now",,"+254 700 201111","20","$$ - $$$","KES 1,334 - KES 7,412","10","1","#1 of 13 places to eat in Kitengela","5","0","0","0","1","8","3.2158896923065186","Sit down","RESTAURANT","https://www.tripadvisor.com/Restaurant_Review-g13004822-d21238374-Reviews-Meat_Grill_Kitengela-Kitengela_Rift_Valley_Province.html","http://www.instagram.com/meatandgrill_/"
"Mutungoni Road, Athi River Kenya","Athi River","Kenya",,,"Mutungoni Road",,,"1943153","Athi River","City",,"2697616","Eastern Province","Province",,"294206","Kenya","Country","restaurant",,,,,,,,,,,,,,,,,,,,"Restaurants",,,,,,,,,,,,,,,,,,,,,,,,,,,,,,,,,,,,"23822412",,"false","false",,,"","Athi River, Eastern Province",,,,,,,,,"The Last Village Restaurant","1",,,,"0",,,,,,"1","1","0","0","0","0",,,"RESTAURANT","https://www.tripadvisor.com/Restaurant_Review-g1943153-d23822412-Reviews-The_Last_Village_Restaurant-Athi_River_Eastern_Province.html","https://thelastvillage.co.ke/dining-bars/main-restaurant/"
"Snow Foam Car Wash, Syokimau Kenya","Syokimau","Kenya",,,"Snow Foam Car Wash",,,"12245284","Syokimau","City",,"2697616","Eastern Province","Province",,"294206","Kenya","Country","restaurant","Mexican","African","Pizza","Cafe","Fast Food","Authentic Mexican Foods & Spices","Breakfast","Lunch","Dinner","Brunch","Late Night","Drinks",,,,,,,,"Restaurants",,"Delivery","Takeout","Reservations","Outdoor Seating","Seating","Parking Available","Street Parking","Television","Wheelchair Accessible","Accepts Mastercard","Accepts Visa","Digital Payments","Cash Only","Free Wifi","Drive Thru","Non-smoking restaurants",,,,"Africa/Nairobi","1439","0","1439","0","1439","0","1439","0","1439","0","1439","0","1439","0","26526904",,"false","false","-1.358659",,"","Syokimau, Eastern Province","36.95439","Breakfast","Lunch","Dinner","Brunch","Late Night","Drinks",,"Tako house","0","Open Now",,"+254 721 700660","0",,,,,,,"0","0","0","0","0",,,"RESTAURANT","https://www.tripadvisor.com/Restaurant_Review-g12245284-d26526904-Reviews-Tako_house-Syokimau_Eastern_Province.html",
"Along Nairobi-namanga Road, Kitengela Kenya","Kitengela","Kenya",,,"Along Nairobi-namanga Road",,,"13004822","Kitengela","City",,"2697619","Rift Valley Province","Province",,"294206","Kenya","Country","restaurant","African",,,,,,"Breakfast","Lunch","Dinner",,,,,,,,,,,"Bars & Pubs","Restaurants",,,,,,,,,,,,,,,,,,,,"Africa/Nairobi","1439","0","1439","0","1439","0","1439","0","1439","0","1439","0","1439","0","25229472","https://media-cdn.tripadvisor.com/media/photo-m/1280/2a/2a/43/c1/discover-a-dining-experience.jpg","false","false","-1.52484",,"","Kitengela, Rift Valley Province","36.94595","Breakfast","Lunch","Dinner",,,,,"Rixxos","2","Open Now",,,"4",,,"10","10","#10 of 13 places to eat in Kitengela","2","1","0","1","0","0","2.711574077606201",,"RESTAURANT","https://www.tripadvisor.com/Restaurant_Review-g13004822-d25229472-Reviews-Rixxos-Kitengela_Rift_Valley_Province.html",
"Nairobi - Namanga, Athi River Tarikiville Mall, Unit 11, Kitengela Kenya","Kitengela","Kenya",,,"Nairobi - Namanga, Athi River","Tarikiville Mall, Unit 11",,"13004822","Kitengela","City",,"2697619","Rift Valley Province","Province",,"294206","Kenya","Country","restaurant","African",,,,,,"Breakfast","Lunch","Dinner","Brunch","Late Night",,,,,,,,,"Restaurants",,"Delivery","Takeout","Private Dining","Seating","Parking Available","Digital Payments","Cash Only","Free Wifi","Non-smoking restaurants",,,,,,,,,,,"Africa/Nairobi","1320","510","1320","510","1320","510","1320","510","1320","510","1320","510","1320","510","25091660","https://media-cdn.tripadvisor.com/media/photo-s/26/b5/26/c4/dine-with-us.jpg","false","false","-1.475256",,"","Kitengela, Rift Valley Province","36.95884","Breakfast","Lunch","Dinner","Brunch","Late Night",,,"Jamie's Nigerian Restaurant","0","Closes in 25 min",,"+254 769 360979","9",,,,,,,"0","0","0","0","0",,,"RESTAURANT","https://www.tripadvisor.com/Restaurant_Review-g13004822-d25091660-Reviews-Jamie_s_Nigerian_Restaurant-Kitengela_Rift_Valley_Province.html",
"Tubman Road, Nairobi Kenya","Nairobi","Kenya","",,"Tubman Road","",,"294207","Nairobi","Municipality",,"294206","Kenya","Country",,,,,"restaurant","African","Fast Food","Vegetarian Friendly",,,,"Breakfast","Lunch","Dinner",,,,"Fish",,,,,,,"Restaurants",,"Takeout","Buffet",,,,,,,,,,,,,,,,,,,,,,,,,,,,,,,,,"1016210","https://media-cdn.tripadvisor.com/media/photo-o/09/6d/24/5a/fish-fingers.jpg","false","false","-1.33084",,"","Nairobi","36.88881","Breakfast","Lunch","Dinner",,,,,"Greenview Restaurant","19",,,,"2","$",,"832","322","#322 of 1,048 places to eat in Nairobi","4","0","1","6","7","5","3.1210310459136963","Sit down","RESTAURANT","https://www.tripadvisor.com/Restaurant_Review-g294207-d1016210-Reviews-Greenview_Restaurant-Nairobi.html",
"Syokimart Building Katani Road off Mombasa Highway., Syokimau Kenya","Syokimau","Kenya",,,"Syokimart Building","Katani Road off Mombasa Highway.",,"12245284","Syokimau","City",,"2697616","Eastern Province","Province",,"294206","Kenya","Country","restaurant","African","Ethiopian",,,,"Best Ethiopian cuisine along Mombasa road located on katani road off Mombasa express highway 1 km off.We offer exceptional tantalizing dishes and coffee.","Breakfast","Lunch","Dinner",,,,,,,,,,"njorogegits@gmail.com","Restaurants",,,,,,,,,,,,,,,,,,,,,"Africa/Nairobi","1200","540","1200","540","1200","540","1200","540","1200","540","1200","540","1200","540","25083627","https://media-cdn.tripadvisor.com/media/photo-o/26/a4/80/f0/mixed-dish.jpg","false","false","-1.371765",,"","Syokimau, Eastern Province","36.935596","Breakfast","Lunch","Dinner",,,,,"Mj Ethiopian Cuisine","1","Closed Now",,"+254 714 358792","13",,,"2","1","#1 of 3 places to eat in Syokimau","5","0","0","0","0","1","3.0431339740753174",,"RESTAURANT","https://www.tripadvisor.com/Restaurant_Review-g12245284-d25083627-Reviews-Mj_Ethiopian_Cuisine-Syokimau_Eastern_Province.html",
"Mombasa Road, Nairobi Kenya","Nairobi","Kenya",,,"Mombasa Road",,,"294207","Nairobi","Municipality",,"294206","Kenya","Country",,,,,"restaurant","African","Bar","Barbecue","Pub",,,"Breakfast","Lunch","Dinner",,,,,,,,,,,"Restaurants",,"Seating","Table Service",,,,,,,,,,,,,,,,,,"Africa/Nairobi","1380","360","1380","360","1380","360","1380","360","1380","360","1380","360","1380","360","4897185",,"false","false","-1.32946",,"","Nairobi","36.87334","Breakfast","Lunch","Dinner",,,,,"Choma Zone","13","Open Now",,,"0","$$ - $$$",,"833","605","#605 of 1,048 places to eat in Nairobi","3.5","1","2","2","8","0","3.0352694988250732",,"RESTAURANT","https://www.tripadvisor.com/Restaurant_Review-g294207-d4897185-Reviews-Choma_Zone-Nairobi.html",
"Imaara Shopping Mall, Nairobi Kenya","Nairobi","Kenya",,,"Imaara Shopping Mall",,,"294207","Nairobi","Municipality",,"294206","Kenya","Country",,,,,"restaurant","Mexican","American","African","International","European","CJ’s, a fully fledged restaurant specializing in delivering a relaxed and memorable dining experience. Each location features a unique ambience with tasteful décor, specially designed for your comfort. To make you feel more at home, we’ve carefully selected a unique theme for each location.","Breakfast","Lunch","Dinner",,,,"Burger",,,,,,"cjs.imaara@cjs.co.ke","Restaurants",,,,,,,,,,,,,,,,,,,,,"Africa/Nairobi","1380","420","1380","420","1380","420","1380","420","1380","420","1380","420","1380","420","25184060","https://media-cdn.tripadvisor.com/media/photo-o/28/ef/71/df/cjs-imaara.jpg","false","false","-1.32789",,"","Nairobi","36.88155","Breakfast","Lunch","Dinner",,,,,"Cjs - Imaara","602","Open Now",,"+254 714 000090","97",,,"832","28","#28 of 1,048 places to eat in Nairobi","5","1","1","8","26","566","4.3705644607543945",,"RESTAURANT","https://www.tripadvisor.com/Restaurant_Review-g294207-d25184060-Reviews-Cjs_Imaara-Nairobi.html","https://cjs.co.ke/"
"First Freight Lane, Nairobi 37813 Kenya","Nairobi","Kenya","37813",,"First Freight Lane",,,"294207","Nairobi","Municipality",,"294206","Kenya","Country",,,,,"restaurant",,,,,,,"Breakfast","Lunch","Dinner",,,,,,,,,,,"Restaurants",,,,,,,,,,,,,,,,,,,,,"Africa/Nairobi","1439","0","1439","0","1439","0","1439","0","1439","0","1439","0","1439","0","17725875","https://media-cdn.tripadvisor.com/media/photo-m/1280/18/4a/47/11/food.jpg","false","false","-1.33882",,"","Nairobi","36.91493","Breakfast","Lunch","Dinner",,,,,"Aroma","4","Open Now",,"+254 709 222444","20",,,"832","360","#360 of 1,048 places to eat in Nairobi","5","0","0","0","0","4","3.1065359115600586",,"RESTAURANT","https://www.tripadvisor.com/Restaurant_Review-g294207-d17725875-Reviews-Aroma-Nairobi.html","http://www.ihg.com/crowneplaza/hotels/us/en/nairobi/nboir/hoteldetail"
"Mombasa Rd Nairobi, Mombasa rd, Nairobi 60795 Kenya","Nairobi","Kenya","60795",,"Mombasa Rd","Nairobi, Mombasa rd",,"294207","Nairobi","Municipality",,"294206","Kenya","Country",,,,,"restaurant",,,,,,"Welcome to Mugg & Bean Total Mombasa Road OTM, the place where customers become regulars and regulars become friends. We're your home away from home, the place where you always get more and more. You taste it in our seasonally inspired menus, generous portions and bottomless drinks. Our coffee credentials only feature the best coffees from around the world, sourced and prepared by our experts and our cakes are freshly baked, made from scratch and enjoyed in generous slices. 
What is certain is that at Mugg & Bean you'll always enjoy the taste of more and more.","Breakfast","Lunch","Dinner",,,,,,,,,,"muggbean.newmombasard@gmail.com","Restaurants",,,,,,,,,,,,,,,,,,,,,"Africa/Nairobi","1439","0","1439","0","1439","0","1439","0","1439","0","1439","0","1439","0","23288285",,"false","false","-1.32973",,"","Nairobi","36.87356","Breakfast","Lunch","Dinner",,,,,"Mugg & Bean","0","Open Now",,"+254 735-329758","0",,,,,,,"0","0","0","0","0",,,"RESTAURANT","https://www.tripadvisor.com/Restaurant_Review-g294207-d23288285-Reviews-Mugg_Bean-Nairobi.html",
"Gate 14 Jomo Kenyatta Airport, Nairobi Kenya","Nairobi","Kenya",,,"Gate 14","Jomo Kenyatta Airport",,"294207","Nairobi","Municipality",,"294206","Kenya","Country",,,,,"restaurant","American","Bar","Cafe","Vegetarian Friendly",,,"Breakfast","Lunch","Dinner","Brunch","Late Night",,"Juice & Smoothies","Sandwiches","Burger","Salad","Toasts","Cakes",,"Restaurants",,"Takeout","Seating","Wheelchair Accessible","Serves Alcohol","Free Wifi","Table Service",,,,,,,,,,,,,,"Africa/Nairobi","1439","0","1439","0","1439","0","1439","0","1439","0","1439","0","1439","0","3339972","https://media-cdn.tripadvisor.com/media/photo-o/06/77/3f/28/kenyan-answer-to-starbucks.jpg","false","false","-1.329771",,"","Nairobi","36.93223","Breakfast","Lunch","Dinner","Brunch","Late Night",,,"Java House Jomo Kenyatta Airport","276","Open Now",,"+254 721 371917","66","$$ - $$$",,"832","166","#166 of 1,048 places to eat in Nairobi","3.5","27","20","62","118","49","3.2703380584716797","Sit down","RESTAURANT","https://www.tripadvisor.com/Restaurant_Review-g294207-d3339972-Reviews-Java_House_Jomo_Kenyatta_Airport-Nairobi.html","http://www.nairobijavahouse.com/java-location/our-restaurants"
"Balozi road Rosewall estate, Kitengela 00100 Kenya","Kitengela","Kenya","00100",,"Balozi road","Rosewall estate",,"13004822","Kitengela","City",,"2697619","Rift Valley Province","Province",,"294206","Kenya","Country","restaurant","Indian","African",,,,"A restaurant with a serene ambience within Kitengela. We have a fully green grassed garden for events and an Olympic size swimming pool with a baby pool on the side. Our menu caters for those who hunger for the Kenyan local meals and Indian authentic meals. A variety of soft drinks are also offered.",,,,,,,,,,,,,"inforosewall@gmail.com","Restaurants",,,,,,,,,,,,,,,,,,,,,,,,,,,,,,,,,,,,"18719112","https://media-cdn.tripadvisor.com/media/photo-o/19/31/b9/a1/rosewall.jpg","false","false","-1.494569",,"","Kitengela, Rift Valley Province","36.96802",,,,,,,"https://www.outboxbookings.com/index.php?string=outboxbo_otieno","Rosewall Oasis Swimming Pool","2",,,"+254 770 866603","1","$","KES 29,647 - KES 148,236","10","4","#4 of 13 places to eat in Kitengela","4.5","0","0","0","1","1","3.041609048843384","Sit down","RESTAURANT","https://www.tripadvisor.com/Restaurant_Review-g13004822-d18719112-Reviews-Rosewall_Oasis_Swimming_Pool-Kitengela_Rift_Valley_Province.html","http://rosewalloasisswimmingpool.com/"
